[ 
      {
      "id": 1,
      "name": "Choco Sundae",
      "price": 29,
      "description": "Choco Sundae Cup (100 ml)",
      "img": "https://api.pizzahut.io/v1/content/en-in/in-1/images/dessert/choco-sundae.e0d29fd156012e251c099c2771219d18.1.jpg?width=800",
      "quantity": 100
   },
   {
      "id": 2,
      "name": "Cornetto Double Chocolate",
      "price": 38,
      "description": "Cornetto Double Chocolate Cone (105 ml)",
      "img": "https://api.pizzahut.io/v1/content/en-in/in-1/images/dessert/cornetto-double-chocolate.acc21849ac732f2f85998ad73e532d40.1.jpg?width=522",
      "quantity": 1
   },
   {
      "id": 3,
      "name": "Magnum Truffle",
      "price": 76,
      "description": "Magnum Truffle (80 ml)",
      "img": "https://api.pizzahut.io/v1/content/en-in/in-1/images/dessert/magnum-truffle.e300005ba1d8c15aafe824c1fa3b41ea.1.jpg?width=522",
      "quantity": 1
   },
    {
      "id": 4,
      "name": "Divine Chocolate(Tub)",
      "price": 209,
      "description": "Divine Chocolate (700 ml)",
      "img": "https://api.pizzahut.io/v1/content/en-in/in-1/images/dessert/divine-chocolate-tub.1df6b11e6e5d510cd11ae0d6e475686d.1.jpg?width=522",
      "quantity": 1
   },
    {
      "id": 5,
      "name": "Choco Volcano Cake",
      "price": 99,
      "description": "Choco Delight With A Gooey Chocolate Volcano Centre",
      "img": "https://api.pizzahut.io/v1/content/en-in/in-1/images/dessert/choco-volcano-cake.dd9f24941b09268c73c073494d54480d.1.jpg?width=522",
      "quantity": 1
   }]
